scope,source_image,target_repository,target_tag,required
pipeline,docker.io/alpine/git@sha256:a4bb51f1a3553df194ce679fc1db721d8bfba2046fa1a88fe9d4ac551ffbce25,release-engineering/alpine-git,2026-10-07,yes
pipeline,registry.redhat.io/rhel9/buildah@sha256:ad3ac00db8e39f9837e364d965d36056f740fc2a1eec0c6607da7f06b014f172,release-engineering/buildah,ocp4.22,yes
pipeline,registry.redhat.io/rhel9/skopeo@sha256:4a6e11dff9b438151056f5d3c3d3c040852d4138c7def4b56280d78a292c7ad9,release-engineering/skopeo,ocp4.22,yes
pipeline,registry.redhat.io/advanced-cluster-security/rhacs-roxctl-rhel9@sha256:b407cb461e45116884598bd9c0d848388b6dd7805f7d11907a7a35958cadfcff,release-engineering/rhacs-roxctl,4.11.4,yes
dotnet,registry.access.redhat.com/ubi9/dotnet-100@sha256:744226d7703123413cd58495e7395bf7e544dc035bd10486831bcc0ff5e808bb,base-images/dotnet-100,10.0,yes
angular,registry.access.redhat.com/ubi9/nodejs-20@sha256:74cc7b1d13592b1e425074f434b90e470ab209da85fd1fdb8e6e9e4cabaec51a,base-images/nodejs,20,yes
angular,registry.access.redhat.com/ubi9/nginx-124@sha256:da54bbccb61ef4c1229b501276e6af35878455471598426346bb3014571843ed,base-images/nginx,1.24,yes
vault,registry.connect.redhat.com/hashicorp/vault:1.20.4-ubi,platform/vault,1.20.4-ubi,yes
acs,registry.redhat.io/advanced-cluster-security/rhacs-main-rhel9@sha256:29694001cdc5069900ae3a09b8791e82c46de3d8afad46827240ef6f3a8e4a14,platform/rhacs-main,4.11.4,yes
acs,registry.redhat.io/advanced-cluster-security/rhacs-central-db-rhel9@sha256:14a3fb374beca8f28ac9bc9f477571c82e4889af9a3d827c3a79aa2d510481f1,platform/rhacs-central-db,4.11.4,yes
acs,registry.redhat.io/advanced-cluster-security/rhacs-collector-rhel9@sha256:85c506faa54ba1870911a575e8e219e9d62f98af7e0a422f9c54aac49888baed,platform/rhacs-collector,4.11.4,yes
acs,registry.redhat.io/advanced-cluster-security/rhacs-scanner-v4-rhel9@sha256:44cbc9bf1ae47f539de9b7aa465e311e10e92bfdebb95b9d6734bb29ff87d967,platform/rhacs-scanner-v4,4.11.4,yes
acs,registry.redhat.io/advanced-cluster-security/rhacs-scanner-v4-db-rhel9@sha256:abef88c2cf62ac80cb659a6276cb87fd7e1416a4be5ed73c7a15789b5d27b7e6,platform/rhacs-scanner-v4-db,4.11.4,yes
quay,registry.redhat.io/quay/quay-rhel9@sha256:9e19341d592e299964d615ef876ec4273f588f3dd488d65ea90143684916c9ea,platform/quay,3.17.5,yes
quay,registry.redhat.io/quay/clair-rhel9@sha256:44df68525a182e88794073c2f993a338bb7f8931b38421e1ab83b6f9c745796f,platform/quay-clair,3.17.5,yes
quay,registry.redhat.io/rhel9/postgresql-13@sha256:93c1a97cb77a6cb813749d87e7a4e611958ddf2ab23ad2363aa92de9b37106ae,platform/quay-postgresql,13,yes
quay,registry.redhat.io/rhel9/postgresql-15@sha256:962fd39f9c86327d685372216b5a055c8f1748abc5c1e7a5103f8cbf8df3a01a,platform/quay-clair-postgresql,15,yes
quay,registry.redhat.io/rhel9/redis-6@sha256:a85bb23d36e92813d45283954ccf2605b6d14f311afae78cde1aeeb2f52730c6,platform/quay-redis,6,yes
rhtas,registry.redhat.io/rhtas/client-server-rhel9@sha256:3d08a27f79bda1f19369786723cb8d1e130c3d46cbb8a7f44e30571d5a213240,platform/rhtas-client-server,1.4.3,yes
rhtas,registry.redhat.io/rhtas/certificate-transparency-rhel9@sha256:5a07b75ddd1a925c85b22cba4eac9317370e5fc9ca01d79e7a6414246171bb90,platform/rhtas-certificate-transparency,1.4.3,yes
rhtas,registry.redhat.io/rhtas/createtree-rhel9@sha256:be9734d8982ba67b2ec1b7b69199b5aded23bfc7c9d9f3eda47f3f0ccd110ab8,platform/rhtas-createtree,1.4.3,yes
rhtas,registry.redhat.io/rhtas/fulcio-rhel9@sha256:0996775ede985a6b2b1ada6045c1ab4d60d16977d7087326ee14988e28be87e6,platform/rhtas-fulcio,1.4.3,yes
rhtas,registry.redhat.io/rhtas/rekor-backfill-redis-rhel9@sha256:414b330788915c554e162ad87da9dcb62b0bc44f50ea4fb9586c1a1b61d6e47e,platform/rhtas-rekor-backfill,1.4.3,yes
rhtas,registry.redhat.io/rhtas/rekor-search-ui-rhel9@sha256:ac76a66ffeffbccea272181936686f4160f190f5575c8b27357a1b8e4f5640b7,platform/rhtas-rekor-search-ui,1.4.3,yes
rhtas,registry.redhat.io/rhtas/rekor-server-rhel9@sha256:b0264e38a58995d26b27042c23c023a410c9632f472c56db85db5a5fef96bb85,platform/rhtas-rekor-server,1.4.3,yes
rhtas,registry.redhat.io/rhtas/trillian-database-rhel9@sha256:fa963e4b0f7c6ee46d84f9a5e5e31445d659db80e08a90e0927646bc24c1e53b,platform/rhtas-trillian-database,1.4.3,yes
rhtas,registry.redhat.io/rhtas/trillian-logserver-rhel9@sha256:e3a8872b1ffd7282ec1133fcc7826682fb77c09e3d44cc2394bf9113dcb1e34c,platform/rhtas-trillian-logserver,1.4.3,yes
rhtas,registry.redhat.io/rhtas/trillian-logsigner-rhel9@sha256:e9d5ddcfdebb4c728bbdc5b305216d372d6d880dd7c85fadb6df7bed6b47a8d2,platform/rhtas-trillian-logsigner,1.4.3,yes
rhtas,registry.redhat.io/rhtas/trillian-redis-rhel9@sha256:f56e3c3845c4d37ec8b47f6dc00dec4186cba95b66ae88c99b4969eea3eb56e1,platform/rhtas-trillian-redis,1.4.3,yes
rhtas,registry.redhat.io/rhtas/tuffer-rhel9@sha256:7e5f420f6a469525e6a3bff9fff41a1c646aca0bb0429a2c6edc7f398409b757,platform/rhtas-tuffer,1.4.3,yes
rhtas,registry.redhat.io/ubi9/httpd-24@sha256:97404fbd2a2b80bb71a503ba9cd7caada46b0da5d58ab6b74f3dd2b1caaeb522,platform/rhtas-tuf-httpd,2.4,yes
rhtas,registry.redhat.io/openshift4/ose-tools-rhel9@sha256:a3bdc6574db914ec8c4385b6ff8b2c315930f8de9a27a3a9e0204163c85cd6be,platform/ose-tools,4.22,yes
